start_frame,end_frame,num_frames,hole_number,previous_hole,distance
8,9,1,19,-1,0.0
11,12,1,18,19,66.11524451954213
13,14,1,17,18,68.30829843798763
16,63,47,16,17,69.97887589924147
