start_frame,end_frame,num_frames,hole_number,previous_hole,distance
14,16,2,11,-1,0.0
17,18,1,10,11,69.73192964752516
38,41,3,3,10,403.4073499505869
44,92,48,2,3,65.35893020662816
