start_frame,end_frame,num_frames,hole_number,previous_hole,distance
4,6,2,3,-1,0.0
9,10,1,4,3,67.16643172382642
12,17,5,4,4,0.0
23,51,28,2,4,131.23946257001043
