start_frame,end_frame,num_frames,hole_number,previous_hole,distance
5,7,2,15,-1,0.0
9,15,6,14,15,72.42848502062975
16,17,1,15,14,72.42848502062975
21,69,48,16,15,72.25824647975458
