start_frame,end_frame,num_frames,hole_number,previous_hole,distance
18,22,4,20,-1,0.0
26,28,2,1,20,63.77789790789021
33,65,32,2,1,63.93815318855686
