start_frame,end_frame,num_frames,hole_number,previous_hole,distance
34,39,5,18,-1,0.0
41,43,2,19,18,66.14686294371853
49,52,3,1,19,126.55241800340514
55,100,45,2,1,63.85138559923431
