start_frame,end_frame,num_frames,hole_number,previous_hole,distance
9,11,2,19,-1,0.0
14,16,2,18,19,66.05615725866636
19,34,15,17,18,68.21126402757392
37,58,21,16,17,70.09531816154426
