start_frame,end_frame,num_frames,hole_number,previous_hole,distance
7,8,1,18,-1,0.0
16,21,5,2,18,242.03774060829215
23,25,2,3,2,65.3869281803122
51,90,39,16,3,374.4245679202487
