start_frame,end_frame,num_frames,hole_number,previous_hole,distance
11,14,3,17,-1,0.0
17,20,3,18,17,68.25271215464521
23,24,1,17,18,68.25271215464521
27,99,72,16,17,69.8593608896971
