start_frame,end_frame,num_frames,hole_number,previous_hole,distance
22,23,1,18,-1,0.0
26,29,3,17,18,68.28719644959246
31,135,104,16,17,70.04483649491667
