start_frame,end_frame,num_frames,hole_number,previous_hole,distance
43,45,2,15,-1,0.0
49,52,3,14,15,72.35369633402212
59,74,15,15,14,72.35369633402212
78,128,50,16,15,72.09197928230604
