start_frame,end_frame,num_frames,hole_number,previous_hole,distance
14,18,4,19,-1,0.0
19,21,2,18,19,66.13311570618421
23,28,5,17,18,68.24705297849651
30,50,20,16,17,69.82530124428087
