start_frame,end_frame,num_frames,hole_number,previous_hole,distance
12,14,2,19,-1,0.0
15,17,2,18,19,66.08602648893884
18,24,6,17,18,68.26226474388113
27,101,74,16,17,69.96288929193156
