start_frame,end_frame,num_frames,hole_number,previous_hole,distance
9,13,4,20,-1,0.0
15,16,1,19,20,64.42999179667652
19,22,3,17,19,132.80277710819058
23,27,4,16,17,69.90370821440672
