start_frame,end_frame,num_frames,hole_number,previous_hole,distance
15,18,3,20,-1,0.0
21,24,3,1,20,63.594456166791375
31,35,4,1,1,0.0
38,78,40,2,1,63.71533217323384
