start_frame,end_frame,num_frames,hole_number,previous_hole,distance
4,6,2,19,-1,0.0
12,14,2,18,19,66.06391008423537
17,19,2,17,18,68.32530415483478
21,67,46,16,17,69.6393768522961
