start_frame,end_frame,num_frames,hole_number,previous_hole,distance
17,19,2,18,-1,0.0
24,25,1,19,18,66.11204755235681
35,41,6,1,19,126.59752130647831
44,116,72,2,1,63.59407214976453
