start_frame,end_frame,num_frames,hole_number,previous_hole,distance
14,19,5,20,-1,0.0
21,23,2,19,20,64.35455211436593
37,73,36,2,19,185.49016097244703
