start_frame,end_frame,num_frames,hole_number,previous_hole,distance
25,31,6,16,-1,0.0
46,47,1,18,16,137.0976302317693
62,63,1,20,18,128.8594042826508
98,130,32,2,20,126.36331295915308
