start_frame,end_frame,num_frames,hole_number,previous_hole,distance
5,7,2,20,-1,0.0
8,9,1,19,20,64.45121347407587
10,11,1,18,19,66.12245279909217
15,55,40,16,18,136.69468831852726
