start_frame,end_frame,num_frames,hole_number,previous_hole,distance
24,93,69,14,-1,0.0
100,101,1,15,14,72.41986792233243
110,161,51,16,15,71.66731456563255
163,203,40,16,16,0.0
