start_frame,end_frame,num_frames,hole_number,previous_hole,distance
44,51,7,17,-1,0.0
54,57,3,18,17,68.3353724119007
59,64,5,17,18,68.3353724119007
65,69,4,16,17,69.94927356095627
