start_frame,end_frame,num_frames,hole_number,previous_hole,distance
29,30,1,10,-1,0.0
33,34,1,9,10,69.73172924325716
38,89,51,8,9,70.29394785197034
