start_frame,end_frame,num_frames,hole_number,previous_hole,distance
34,35,1,12,-1,0.0
37,38,1,11,12,70.43006602107958
41,42,1,9,11,137.3524454415713
45,137,92,8,9,70.26550843288747
