start_frame,end_frame,num_frames,hole_number,previous_hole,distance
9,12,3,14,-1,0.0
15,21,6,13,14,73.39861617744772
24,30,6,12,13,70.74643858218751
32,33,1,12,12,0.0
