start_frame,end_frame,num_frames,hole_number,previous_hole,distance
31,34,3,14,-1,0.0
39,44,5,13,14,73.64379072645345
49,59,10,12,13,70.52450800936093
62,118,56,12,12,0.0
