start_frame,end_frame,num_frames,hole_number,previous_hole,distance
23,24,1,15,-1,0.0
27,28,1,14,15,72.51972313444456
32,35,3,13,14,73.60448359678824
40,44,4,12,13,70.85134880505136
