start_frame,end_frame,num_frames,hole_number,previous_hole,distance
7,10,3,15,-1,0.0
12,14,2,14,15,72.50326873392557
18,19,1,13,14,73.71476923127588
23,25,2,12,13,70.56247247373553
