start_frame,end_frame,num_frames,hole_number,previous_hole,distance
16,18,2,20,-1,0.0
36,37,1,13,20,403.8671084857484
42,47,5,12,13,70.9077612666046
