start_frame,end_frame,num_frames,hole_number,previous_hole,distance
32,34,2,19,-1,0.0
39,40,1,17,19,132.83605781875855
53,54,1,13,17,272.82224612033013
57,62,5,12,13,70.38129222266876
