start_frame,end_frame,num_frames,hole_number,previous_hole,distance
0,2,2,11,-1,0.0
7,9,2,10,11,69.73601612683808
19,23,4,12,10,138.31678190126848
29,73,44,12,12,0.0
