start_frame,end_frame,num_frames,hole_number,previous_hole,distance
71,72,1,11,-1,0.0
75,76,1,10,11,69.76402826722656
78,81,3,9,10,69.73753601181373
86,134,48,8,9,69.79494547238397
