start_frame,end_frame,num_frames,hole_number,previous_hole,distance
45,48,3,15,-1,0.0
72,81,9,14,15,72.495439050891
99,114,15,13,14,73.64284652644098
121,133,12,12,13,70.73256089132862
