start_frame,end_frame,num_frames,hole_number,previous_hole,distance
20,21,1,11,-1,0.0
24,26,2,10,11,69.72480047576114
32,34,2,9,10,69.71016774192402
38,83,45,8,9,70.04266731427433
