start_frame,end_frame,num_frames,hole_number,previous_hole,distance
13,15,2,3,-1,0.0
17,18,1,2,3,65.41033615091777
40,46,6,13,2,439.2106658460153
49,52,3,12,13,70.62320081518568
