start_frame,end_frame,num_frames,hole_number,previous_hole,distance
19,20,1,17,-1,0.0
22,23,1,16,17,70.34549776847852
28,31,3,13,16,211.7596869213436
34,39,5,12,13,70.56523230411871
