start_frame,end_frame,num_frames,hole_number,previous_hole,distance
12,15,3,11,-1,0.0
17,27,10,10,11,69.69195740396943
31,35,4,9,10,69.75093757823913
38,87,49,8,9,69.9828436614605
