start_frame,end_frame,num_frames,hole_number,previous_hole,distance
31,33,2,17,-1,0.0
36,39,3,16,17,70.323100397675
42,43,1,15,16,72.02809779993048
69,88,19,8,15,390.0875819053006
