start_frame,end_frame,num_frames,hole_number,previous_hole,distance
25,28,3,10,-1,0.0
34,48,14,9,10,69.6909406368579
54,75,21,8,9,70.20371982138258
