start_frame,end_frame,num_frames,hole_number,previous_hole,distance
17,18,1,16,-1,0.0
19,20,1,15,16,72.01139683749142
30,31,1,9,15,359.47715053372065
33,59,26,8,9,69.99656973970032
