start_frame,end_frame,num_frames,hole_number,previous_hole,distance
10,12,2,16,-1,0.0
14,17,3,15,16,71.94157937792933
35,41,6,8,15,390.0748854119723
