start_frame,end_frame,num_frames,hole_number,previous_hole,distance
74,75,1,18,-1,0.0
78,79,1,17,18,68.33878781935215
96,98,2,9,17,424.9559501264637
100,127,27,8,9,70.05662962417254
