start_frame,end_frame,num_frames,hole_number,previous_hole,distance
15,17,2,6,-1,0.0
20,22,2,7,6,70.68993459126573
30,42,12,8,7,70.25203355172384
43,99,56,8,8,0.0
