start_frame,end_frame,num_frames,hole_number,previous_hole,distance
17,49,32,9,-1,0.0
57,65,8,10,9,69.76295420488134
71,93,22,9,10,69.76295420488134
97,138,41,8,9,70.3014225229943
