start_frame,end_frame,num_frames,hole_number,previous_hole,distance
0,1,1,20,-1,0.0
4,5,1,17,20,192.4231154295115
26,28,2,9,17,424.67058074282846
31,41,10,8,9,70.01025614873919
